"Name","Created","Accessed"
"C:\PowerShell\github\zip_old_files\tmp_files\ACHKDmQrygJeUfbdsR.docx","2/17/2023 11:37:29 AM","2/17/2023 11:37:29 AM"
"C:\PowerShell\github\zip_old_files\tmp_files\ALcouUZWdTkHvKIehq.php","2/17/2023 11:37:29 AM","2/17/2023 11:37:29 AM"
"C:\PowerShell\github\zip_old_files\tmp_files\ApgRFDSNuIrjnoWPfK.ppt","2/17/2023 11:37:29 AM","2/17/2023 11:37:29 AM"
"C:\PowerShell\github\zip_old_files\tmp_files\AUbtmGwcZCLznsSyIV.js","2/17/2023 11:37:29 AM","2/17/2023 11:37:29 AM"
"C:\PowerShell\github\zip_old_files\tmp_files\aweRDKfkVxbvQCJzrG.php","2/17/2023 11:37:29 AM","2/17/2023 11:37:29 AM"
"C:\PowerShell\github\zip_old_files\tmp_files\bfvBOpmAWKUHdEgtJZ.docx","2/17/2023 11:37:29 AM","2/17/2023 11:37:29 AM"
"C:\PowerShell\github\zip_old_files\tmp_files\bKOBTexrynMoJltazu.js","2/17/2023 11:37:29 AM","2/17/2023 11:37:29 AM"
"C:\PowerShell\github\zip_old_files\tmp_files\bqaiVpLheJYxPFXQHt.html","2/17/2023 11:37:29 AM","2/17/2023 11:37:29 AM"
"C:\PowerShell\github\zip_old_files\tmp_files\cekRGfoCXyiBTAszKd.png","2/17/2023 11:37:29 AM","2/17/2023 11:37:29 AM"
"C:\PowerShell\github\zip_old_files\tmp_files\CgANZQoijaSOXDRwfy.txt","2/17/2023 11:37:29 AM","2/17/2023 11:37:29 AM"
"C:\PowerShell\github\zip_old_files\tmp_files\cHuedVgTjqBKaOZsJY.png","2/17/2023 11:37:29 AM","2/17/2023 11:37:29 AM"
"C:\PowerShell\github\zip_old_files\tmp_files\cmhGXLQbKIVylnUDOP.txt","2/17/2023 11:37:29 AM","2/17/2023 11:37:29 AM"
"C:\PowerShell\github\zip_old_files\tmp_files\CNiTvorYRjHhGXJdmQ.txt","2/17/2023 11:37:29 AM","2/17/2023 11:37:29 AM"
"C:\PowerShell\github\zip_old_files\tmp_files\dxkNmSwCgzsPfpDOVH.js","2/17/2023 11:37:29 AM","2/17/2023 11:37:29 AM"
"C:\PowerShell\github\zip_old_files\tmp_files\eEszyOPvLmKhuWUDVo.txt","2/17/2023 11:37:29 AM","2/17/2023 11:37:29 AM"
"C:\PowerShell\github\zip_old_files\tmp_files\EFhwTcBNfdRQOvnHpL.php","2/17/2023 11:37:29 AM","2/17/2023 11:37:29 AM"
"C:\PowerShell\github\zip_old_files\tmp_files\EIsvfpUOqZYaTJnCyc.css","2/17/2023 11:37:29 AM","2/17/2023 11:37:29 AM"
"C:\PowerShell\github\zip_old_files\tmp_files\EJreAnYWjiNdswvSgc.html","2/17/2023 11:37:29 AM","2/17/2023 11:37:29 AM"
"C:\PowerShell\github\zip_old_files\tmp_files\exKifsTYWqDpBNnaVS.html","2/17/2023 11:37:29 AM","2/17/2023 11:37:29 AM"
"C:\PowerShell\github\zip_old_files\tmp_files\EysfLiuhUJjSdktQxv.docx","2/17/2023 11:37:29 AM","2/17/2023 11:37:29 AM"
"C:\PowerShell\github\zip_old_files\tmp_files\FkEqUoBXjOeAVwyYcu.css","2/17/2023 11:37:29 AM","2/17/2023 11:37:29 AM"
"C:\PowerShell\github\zip_old_files\tmp_files\flGJpUBqevyoPgWrMi.py","2/17/2023 11:37:29 AM","2/17/2023 11:37:29 AM"
"C:\PowerShell\github\zip_old_files\tmp_files\FnbiwDOYAuNZxtQBvz.php","2/17/2023 11:37:29 AM","2/17/2023 11:37:29 AM"
"C:\PowerShell\github\zip_old_files\tmp_files\fXzMEqboscCItvOwFJ.js","2/17/2023 11:37:29 AM","2/17/2023 11:37:29 AM"
"C:\PowerShell\github\zip_old_files\tmp_files\GKBdXRpytUWOiEQgqe.docx","2/17/2023 11:37:29 AM","2/17/2023 11:37:29 AM"
"C:\PowerShell\github\zip_old_files\tmp_files\gOmHyzrnfUZDKcIeCR.docx","2/17/2023 11:37:29 AM","2/17/2023 11:37:29 AM"
"C:\PowerShell\github\zip_old_files\tmp_files\GUIphtKkSnuFzjVEyw.js","2/17/2023 11:37:29 AM","2/17/2023 11:37:29 AM"
"C:\PowerShell\github\zip_old_files\tmp_files\gxPCoJeNrufSjilwHV.txt","2/17/2023 11:37:29 AM","2/17/2023 11:37:29 AM"
"C:\PowerShell\github\zip_old_files\tmp_files\hmSDEGJWXlLFpYztbu.png","2/17/2023 11:37:29 AM","2/17/2023 11:37:29 AM"
"C:\PowerShell\github\zip_old_files\tmp_files\iLefCwsbMZPFBJNVyv.py","2/17/2023 11:37:29 AM","2/17/2023 11:37:29 AM"
"C:\PowerShell\github\zip_old_files\tmp_files\IOqMQnsEGlUTzbyWwf.js","2/17/2023 11:37:29 AM","2/17/2023 11:37:29 AM"
"C:\PowerShell\github\zip_old_files\tmp_files\iOuNomxZrlTJcIXzUy.png","2/17/2023 11:37:29 AM","2/17/2023 11:37:29 AM"
"C:\PowerShell\github\zip_old_files\tmp_files\IQSYGosMRqBVaJEnjp.txt","2/17/2023 11:37:29 AM","2/17/2023 11:37:29 AM"
"C:\PowerShell\github\zip_old_files\tmp_files\ISncauFrKCwAGjViDJ.docx","2/17/2023 11:37:29 AM","2/17/2023 11:37:29 AM"
"C:\PowerShell\github\zip_old_files\tmp_files\jdslQzqrFDHaZCVbTS.py","2/17/2023 11:37:29 AM","2/17/2023 11:37:29 AM"
"C:\PowerShell\github\zip_old_files\tmp_files\JOmCtgYAwdMThDPFSU.css","2/17/2023 11:37:29 AM","2/17/2023 11:37:29 AM"
"C:\PowerShell\github\zip_old_files\tmp_files\JTBdRvWZoOMViuILEy.js","2/17/2023 11:37:29 AM","2/17/2023 11:37:29 AM"
"C:\PowerShell\github\zip_old_files\tmp_files\JUkbLudoAKOtBaWjSf.txt","2/17/2023 11:37:29 AM","2/17/2023 11:37:29 AM"
"C:\PowerShell\github\zip_old_files\tmp_files\kBdDrmgQenaUAixYKL.js","2/17/2023 11:37:29 AM","2/17/2023 11:37:29 AM"
"C:\PowerShell\github\zip_old_files\tmp_files\KNRBPrgnjepMOuVoFJ.png","2/17/2023 11:37:29 AM","2/17/2023 11:37:29 AM"
"C:\PowerShell\github\zip_old_files\tmp_files\kQrGhHKwOaJIMTcZig.png","2/17/2023 11:37:29 AM","2/17/2023 11:37:29 AM"
"C:\PowerShell\github\zip_old_files\tmp_files\KslxmrPBDgebIOMhLN.txt","2/17/2023 11:37:29 AM","2/17/2023 11:37:29 AM"
"C:\PowerShell\github\zip_old_files\tmp_files\ksWZBdGVNDpHOXvFKI.js","2/17/2023 11:37:29 AM","2/17/2023 11:37:29 AM"
"C:\PowerShell\github\zip_old_files\tmp_files\kwFKbfiPJtCEmYpXvd.js","2/17/2023 11:37:29 AM","2/17/2023 11:37:29 AM"
"C:\PowerShell\github\zip_old_files\tmp_files\kwPnQpZvXGVOcNaEie.html","2/17/2023 11:37:29 AM","2/17/2023 11:37:29 AM"
"C:\PowerShell\github\zip_old_files\tmp_files\lhFNLDIRASmsPfreXq.php","2/17/2023 11:37:29 AM","2/17/2023 11:37:29 AM"
"C:\PowerShell\github\zip_old_files\tmp_files\lHGfIAXmhEuinwKOMD.js","2/17/2023 11:37:29 AM","2/17/2023 11:37:29 AM"
"C:\PowerShell\github\zip_old_files\tmp_files\LmbGOpYqEHlUzkDFWx.css","2/17/2023 11:37:29 AM","2/17/2023 11:37:29 AM"
"C:\PowerShell\github\zip_old_files\tmp_files\lYTJPuRCMhQxsLAfgO.php","2/17/2023 11:37:29 AM","2/17/2023 11:37:29 AM"
"C:\PowerShell\github\zip_old_files\tmp_files\MKiklGxEwqWIajfORo.txt","2/17/2023 11:37:29 AM","2/17/2023 11:37:29 AM"
"C:\PowerShell\github\zip_old_files\tmp_files\MmjLaoeTzZkOAVJFiH.js","2/17/2023 11:37:29 AM","2/17/2023 11:37:29 AM"
"C:\PowerShell\github\zip_old_files\tmp_files\nGqAKFuQSmofrWhbvM.py","2/17/2023 11:37:29 AM","2/17/2023 11:37:29 AM"
"C:\PowerShell\github\zip_old_files\tmp_files\nhgiuKpBIdGlFYWwtb.css","2/17/2023 11:37:29 AM","2/17/2023 11:37:29 AM"
"C:\PowerShell\github\zip_old_files\tmp_files\NrSLezCfJWHbXtIqUQ.py","2/17/2023 11:37:29 AM","2/17/2023 11:37:29 AM"
"C:\PowerShell\github\zip_old_files\tmp_files\NXuZtJoYcpefVAxEvQ.php","2/17/2023 11:37:29 AM","2/17/2023 11:37:29 AM"
"C:\PowerShell\github\zip_old_files\tmp_files\ocVbHOKkAYnlqrZUGw.docx","2/17/2023 11:37:29 AM","2/17/2023 11:37:29 AM"
"C:\PowerShell\github\zip_old_files\tmp_files\OGRPsrQazFEwUxIVdb.png","2/17/2023 11:37:29 AM","2/17/2023 11:37:29 AM"
"C:\PowerShell\github\zip_old_files\tmp_files\OoFXQvGcpWreiLjYhU.html","2/17/2023 11:37:29 AM","2/17/2023 11:37:29 AM"
"C:\PowerShell\github\zip_old_files\tmp_files\oUAnbadYCMDfLVEIyR.txt","2/17/2023 11:37:29 AM","2/17/2023 11:37:29 AM"
"C:\PowerShell\github\zip_old_files\tmp_files\OUJyQxHhSKVFvbBsfu.ppt","2/17/2023 11:37:29 AM","2/17/2023 11:37:29 AM"
"C:\PowerShell\github\zip_old_files\tmp_files\PBtgCzbXlMHcRswIhv.html","2/17/2023 11:37:29 AM","2/17/2023 11:37:29 AM"
"C:\PowerShell\github\zip_old_files\tmp_files\PEspmdMBihFgUcXfKQ.py","2/17/2023 11:37:29 AM","2/17/2023 11:37:29 AM"
"C:\PowerShell\github\zip_old_files\tmp_files\pWehDkKwRcHuVmIFrT.html","2/17/2023 11:37:29 AM","2/17/2023 11:37:29 AM"
"C:\PowerShell\github\zip_old_files\tmp_files\pyPeMXHGuvlVzDOJQn.css","2/17/2023 11:37:29 AM","2/17/2023 11:37:29 AM"
"C:\PowerShell\github\zip_old_files\tmp_files\QcENWzOtgMmiKwBbHj.js","2/17/2023 11:37:29 AM","2/17/2023 11:37:29 AM"
"C:\PowerShell\github\zip_old_files\tmp_files\QfYAnTyKzjiHtZsroP.png","2/17/2023 11:37:29 AM","2/17/2023 11:37:29 AM"
"C:\PowerShell\github\zip_old_files\tmp_files\QXOgHSRvtqEFoLCJcp.py","2/17/2023 11:37:29 AM","2/17/2023 11:37:29 AM"
"C:\PowerShell\github\zip_old_files\tmp_files\RDpnytuCWUGaIQhqxz.png","2/17/2023 11:37:29 AM","2/17/2023 11:37:29 AM"
"C:\PowerShell\github\zip_old_files\tmp_files\RrIQpfuYmoUnLSHiWK.css","2/17/2023 11:37:29 AM","2/17/2023 11:37:29 AM"
"C:\PowerShell\github\zip_old_files\tmp_files\RYhKmvXQbHsTuqMlGr.txt","2/17/2023 11:37:29 AM","2/17/2023 11:37:29 AM"
"C:\PowerShell\github\zip_old_files\tmp_files\RzXLYAreldvDwsxfWI.docx","2/17/2023 11:37:29 AM","2/17/2023 11:37:29 AM"
"C:\PowerShell\github\zip_old_files\tmp_files\saUGdverYLBkwlSocN.ppt","2/17/2023 11:37:29 AM","2/17/2023 11:37:29 AM"
"C:\PowerShell\github\zip_old_files\tmp_files\shqBzaSkRAOZUyiETu.css","2/17/2023 11:37:29 AM","2/17/2023 11:37:29 AM"
"C:\PowerShell\github\zip_old_files\tmp_files\STlquwHiyLGAPBZkWo.ppt","2/17/2023 11:37:29 AM","2/17/2023 11:37:29 AM"
"C:\PowerShell\github\zip_old_files\tmp_files\TbfrPvdpELQjkDASiF.php","2/17/2023 11:37:29 AM","2/17/2023 11:37:29 AM"
"C:\PowerShell\github\zip_old_files\tmp_files\teiKjuDzyMHkEJqXGl.php","2/17/2023 11:37:29 AM","2/17/2023 11:37:29 AM"
"C:\PowerShell\github\zip_old_files\tmp_files\TUdisrNWAKJBqCeRMt.docx","2/17/2023 11:37:29 AM","2/17/2023 11:37:29 AM"
"C:\PowerShell\github\zip_old_files\tmp_files\TWJNrtlbvGnpysoVjQ.js","2/17/2023 11:37:29 AM","2/17/2023 11:37:29 AM"
"C:\PowerShell\github\zip_old_files\tmp_files\uGvqWjRZCLTyDHsgYa.py","2/17/2023 11:37:29 AM","2/17/2023 11:37:29 AM"
"C:\PowerShell\github\zip_old_files\tmp_files\uhtHLdTfyVJXqgSUrl.py","2/17/2023 11:37:29 AM","2/17/2023 11:37:29 AM"
"C:\PowerShell\github\zip_old_files\tmp_files\upRfXqeYskNriCxTtU.png","2/17/2023 11:37:29 AM","2/17/2023 11:37:29 AM"
"C:\PowerShell\github\zip_old_files\tmp_files\UwfTniJeXhIEyDuZFq.png","2/17/2023 11:37:29 AM","2/17/2023 11:37:29 AM"
"C:\PowerShell\github\zip_old_files\tmp_files\VDNXYdaneymfJbtxlL.docx","2/17/2023 11:37:29 AM","2/17/2023 11:37:29 AM"
"C:\PowerShell\github\zip_old_files\tmp_files\VSHprGdieKQbXIPTqc.py","2/17/2023 11:37:29 AM","2/17/2023 11:37:29 AM"
"C:\PowerShell\github\zip_old_files\tmp_files\vXSCbtikqRYuUGBKTP.ppt","2/17/2023 11:37:29 AM","2/17/2023 11:37:29 AM"
"C:\PowerShell\github\zip_old_files\tmp_files\wbnEQFJXZzxufeIWyl.js","2/17/2023 11:37:29 AM","2/17/2023 11:37:29 AM"
"C:\PowerShell\github\zip_old_files\tmp_files\WBzsSrFqAiICOMbKLH.txt","2/17/2023 11:37:29 AM","2/17/2023 11:37:29 AM"
"C:\PowerShell\github\zip_old_files\tmp_files\wENXCszSeVFmijPlBy.ppt","2/17/2023 11:37:29 AM","2/17/2023 11:37:29 AM"
"C:\PowerShell\github\zip_old_files\tmp_files\WYjyQnOmDupMIaHhcb.php","2/17/2023 11:37:29 AM","2/17/2023 11:37:29 AM"
"C:\PowerShell\github\zip_old_files\tmp_files\XCETokLvAWnwqQhpPM.txt","2/17/2023 11:37:29 AM","2/17/2023 11:37:29 AM"
"C:\PowerShell\github\zip_old_files\tmp_files\XlqjDhkJBymSdPgMWx.png","2/17/2023 11:37:29 AM","2/17/2023 11:37:29 AM"
"C:\PowerShell\github\zip_old_files\tmp_files\yFQSJaIwcOtdTZuPKp.txt","2/17/2023 11:37:29 AM","2/17/2023 11:37:29 AM"
"C:\PowerShell\github\zip_old_files\tmp_files\YgEeKDLUBfcaPOWtnJ.js","2/17/2023 11:37:29 AM","2/17/2023 11:37:29 AM"
"C:\PowerShell\github\zip_old_files\tmp_files\yRPsObkmIlMrDnZLzo.css","2/17/2023 11:37:29 AM","2/17/2023 11:37:29 AM"
"C:\PowerShell\github\zip_old_files\tmp_files\YTvGUtOmLxfQijHBKa.py","2/17/2023 11:37:29 AM","2/17/2023 11:37:29 AM"
"C:\PowerShell\github\zip_old_files\tmp_files\yxncAUejNClgQqEIma.css","2/17/2023 11:37:29 AM","2/17/2023 11:37:29 AM"
"C:\PowerShell\github\zip_old_files\tmp_files\yYVfnOvQKJgihFecmE.docx","2/17/2023 11:37:29 AM","2/17/2023 11:37:29 AM"
"C:\PowerShell\github\zip_old_files\tmp_files\zhMuKDIreUfWxJtQbi.docx","2/17/2023 11:37:29 AM","2/17/2023 11:37:29 AM"
"C:\PowerShell\github\zip_old_files\tmp_files\ZjOsbvSqHyMRcLhIwW.html","2/17/2023 11:37:29 AM","2/17/2023 11:37:29 AM"
"C:\PowerShell\github\zip_old_files\tmp_files\ZsPzWyFonJrTbaljwU.php","2/17/2023 11:37:29 AM","2/17/2023 11:37:29 AM"
